career_name,details
Software Engineer,"Software Engineers design, develop, test, and maintain software applications. Required skills include proficiency in programming languages like Python, Java, and C++, as well as problem-solving and debugging skills. Courses: B.Tech/B.E. in Computer Science or Information Technology. Certification options: Full Stack Development, Data Structures, and Algorithms. Average starting salary: ₹4-8 LPA (Lakhs per annum)."
Data Scientist,"Data Scientists analyze and interpret complex data to help organizations make data-driven decisions. Key skills include statistical analysis, machine learning, Python/R programming, and data visualization. Courses: B.Tech/B.E. in Computer Science, Electrical Engineering, or specialized Data Science courses. Certification options: Data Science with Python, Machine Learning. Average starting salary: ₹6-12 LPA."
Mechanical Engineer,"Mechanical Engineers work on the design, analysis, and manufacturing of mechanical systems. Skills include knowledge of CAD software, thermodynamics, and materials science. Courses: B.Tech/B.E. in Mechanical Engineering. Certification options: AutoCAD, SolidWorks, and Computational Fluid Dynamics (CFD). Average starting salary: ₹3-6 LPA."
Civil Engineer,"Civil Engineers are responsible for designing, constructing, and maintaining infrastructure projects such as buildings, bridges, and roads. Key skills include structural analysis, project management, and proficiency in AutoCAD and STAAD Pro. Courses: B.Tech/B.E. in Civil Engineering. Certification options: Project Management, Structural Analysis. Average starting salary: ₹3-5 LPA."
Electrical Engineer,"Electrical Engineers work with electrical systems, designing and testing electrical components like motors, circuits, and transformers. Key skills include knowledge of circuit design, power systems, and MATLAB. Courses: B.Tech/B.E. in Electrical Engineering. Certification options: MATLAB, PLC Programming. Average starting salary: ₹3-6 LPA."
AI/Machine Learning Engineer,"AI and ML Engineers develop algorithms and models that allow machines to learn from data and make decisions. Required skills include Python, deep learning frameworks, and data handling. Courses: B.Tech/B.E. in Computer Science, Electronics, or a related field with a focus on AI. Certification options: Deep Learning, NLP, TensorFlow. Average starting salary: ₹6-12 LPA."
Network Engineer,"Network Engineers design, implement, and manage computer networks, ensuring network security and connectivity. Skills include knowledge of networking protocols, firewall management, and troubleshooting. Courses: B.Tech/B.E. in Computer Science, Electronics, or Networking. Certification options: CCNA, CCNP, Network+. Average starting salary: ₹3-5 LPA."
Robotics Engineer,"Robotics Engineers design and develop robots and robotic systems for various applications. Key skills include embedded systems, robotics programming, and knowledge of sensors and actuators. Courses: B.Tech/B.E. in Robotics, Mechanical, or Electronics Engineering. Certification options: Robotics Process Automation, ROS (Robot Operating System). Average starting salary: ₹4-7 LPA."
Environmental Engineer,"Environmental Engineers work on projects that improve environmental health, including water treatment, waste management, and pollution control. Skills include knowledge of environmental regulations, GIS, and data analysis. Courses: B.Tech/B.E. in Environmental Engineering or Civil Engineering with a focus on environmental studies. Certification options: Environmental Impact Assessment, GIS Mapping. Average starting salary: ₹3-5 LPA."
Structural Engineer,"Structural Engineers analyze and design structures that can withstand environmental pressures and forces. Skills include structural analysis, materials science, and familiarity with software like STAAD Pro and ETABS. Courses: B.Tech/B.E. in Civil Engineering with a focus on structural engineering. Certification options: Structural Analysis, Earthquake Engineering. Average starting salary: ₹4-8 LPA."
Aerospace Engineer,"Aerospace Engineers design, develop, and test aircraft, spacecraft, and missiles. Key skills include aerodynamics, fluid mechanics, and knowledge of simulation software like MATLAB and CATIA. Courses: B.Tech/B.E. in Aerospace Engineering. Certification options: CATIA, Computational Fluid Dynamics (CFD). Average starting salary: ₹5-10 LPA."
Chemical Engineer,"Chemical Engineers work on processes to convert raw materials into useful products like chemicals, fuel, and pharmaceuticals. Skills include chemical process design, thermodynamics, and safety protocols. Courses: B.Tech/B.E. in Chemical Engineering. Certification options: Process Safety, Aspen Plus. Average starting salary: ₹4-8 LPA."
Biomedical Engineer,"Biomedical Engineers apply engineering principles to healthcare, developing medical devices and systems. Key skills include knowledge of bioinstrumentation, medical imaging, and biomechanics. Courses: B.Tech/B.E. in Biomedical Engineering. Certification options: Medical Device Development, Bioinformatics. Average starting salary: ₹3-6 LPA."
Petroleum Engineer,"Petroleum Engineers explore, extract, and produce oil and gas. Skills include reservoir engineering, drilling techniques, and geoscience. Courses: B.Tech/B.E. in Petroleum Engineering. Certification options: Reservoir Simulation, Drilling Fluids. Average starting salary: ₹6-12 LPA."
Industrial Engineer,"Industrial Engineers optimize complex systems and processes in manufacturing and production. Skills include project management, process optimization, and knowledge of lean manufacturing. Courses: B.Tech/B.E. in Industrial Engineering. Certification options: Lean Six Sigma, Project Management. Average starting salary: ₹4-7 LPA."
Metallurgical Engineer,"Metallurgical Engineers study the properties of metals and develop ways to manufacture and process metal products. Skills include material science, heat treatment, and failure analysis. Courses: B.Tech/B.E. in Metallurgical Engineering. Certification options: Welding Inspection, Failure Analysis. Average starting salary: ₹4-6 LPA."
Agricultural Engineer,"Agricultural Engineers design machinery and equipment used in agriculture and focus on sustainable agricultural practices. Skills include machinery design, soil science, and irrigation techniques. Courses: B.Tech/B.E. in Agricultural Engineering. Certification options: Precision Agriculture, Soil Management. Average starting salary: ₹3-5 LPA."
Marine Engineer,"Marine Engineers design, develop, and maintain the mechanical systems of ships and marine vessels. Key skills include knowledge of hydraulics, propulsion systems, and marine regulations. Courses: B.Tech/B.E. in Marine Engineering. Certification options: Marine Propulsion, Ship Construction. Average starting salary: ₹5-8 LPA."
Mining Engineer,"Mining Engineers plan and oversee the extraction of minerals from the earth. Skills include mine planning, rock mechanics, and environmental management. Courses: B.Tech/B.E. in Mining Engineering. Certification options: Mine Planning, Rock Mechanics. Average starting salary: ₹4-8 LPA."
Automotive Engineer,"Automotive Engineers design and develop vehicles and their systems, including engines, brakes, and transmission systems. Skills include CAD, automotive electronics, and knowledge of vehicle dynamics. Courses: B.Tech/B.E. in Automobile Engineering or Mechanical Engineering. Certification options: Vehicle Dynamics, AutoCAD. Average starting salary: ₹4-8 LPA."
Environmental Health and Safety (EHS) Engineer,"EHS Engineers work on improving workplace safety and reducing environmental impact. Skills include regulatory compliance, risk assessment, and environmental management. Courses: B.Tech/B.E. in Environmental Engineering, Chemical Engineering, or Occupational Health. Certification options: ISO 14001, Occupational Health and Safety. Average starting salary: ₹4-7 LPA."
Instrumentation Engineer,"Instrumentation Engineers work on designing and managing control systems in industries such as oil and gas, manufacturing, and power generation. Skills include control systems, process instrumentation, and automation. Courses: B.Tech/B.E. in Instrumentation Engineering. Certification options: PLC and SCADA, Process Instrumentation. Average starting salary: ₹4-7 LPA."
Textile Engineer,"Textile Engineers work in the design and production of fabrics, yarns, and other textile products. Skills include knowledge of textile manufacturing, fabric testing, and production processes. Courses: B.Tech/B.E. in Textile Engineering. Certification options: Textile Quality Control, Fiber Technology. Average starting salary: ₹3-6 LPA."
Power Systems Engineer,"Power Systems Engineers design and manage electrical power distribution and transmission systems. Skills include electrical power design, grid management, and renewable energy integration. Courses: B.Tech/B.E. in Electrical Engineering or Power Systems Engineering. Certification options: Power Distribution, Renewable Energy. Average starting salary: ₹4-7 LPA."
Geotechnical Engineer,"Geotechnical Engineers analyze soil and rock mechanics to help design stable foundations for structures like buildings and bridges. Skills include soil testing, foundation design, and knowledge of geotechnical software. Courses: B.Tech/B.E. in Civil Engineering with a focus on geotechnics. Certification options: Soil Mechanics, Geotechnical Analysis. Average starting salary: ₹4-8 LPA."
Safety Engineer,"Safety Engineers develop protocols to ensure workplace safety and prevent accidents. Skills include hazard analysis, risk assessment, and compliance with safety regulations. Courses: B.Tech/B.E. in Safety Engineering or Industrial Engineering. Certification options: Safety Management, HAZOP Analysis. Average starting salary: ₹4-6 LPA."
